filename,instruction,task,hand,mug_color,plate_color,table_color,viewpoint,success,width,height,fps,num_frames,duration_s,split
pick_place_mug_01.mp4,pick up the fuchsia mug and place it on the white plate,pick_place_mug,right,fuchsia,white,black,egocentric,1,3840,2160,30.004,346,11.532,train
pick_place_mug_02.mp4,pick up the fuchsia mug and place it on the white plate,pick_place_mug,right,fuchsia,white,black,egocentric,1,3840,2160,30.004,323,10.765,train
pick_place_mug_03.mp4,pick up the fuchsia mug and place it on the white plate,pick_place_mug,right,fuchsia,white,black,egocentric,1,3840,2160,30.004,220,7.332,train
pick_place_mug_04.mp4,pick up the fuchsia mug and place it on the white plate,pick_place_mug,right,fuchsia,white,black,egocentric,1,3840,2160,30.047,211,7.022,train
pick_place_mug_05.mp4,pick up the fuchsia mug and place it on the white plate,pick_place_mug,right,fuchsia,white,black,egocentric,1,3840,2160,30.004,203,6.766,train
pick_place_mug_06.mp4,pick up the fuchsia mug and place it on the white plate,pick_place_mug,right,fuchsia,white,black,egocentric,1,3840,2160,30.004,132,4.399,train
pick_place_mug_07.mp4,pick up the fuchsia mug and place it on the white plate,pick_place_mug,right,fuchsia,white,black,egocentric,1,3840,2160,30.004,269,8.965,train
pick_place_mug_08.mp4,pick up the fuchsia mug and place it on the white plate,pick_place_mug,right,fuchsia,white,black,egocentric,1,3840,2160,30.004,178,5.932,train
pick_place_mug_09.mp4,pick up the fuchsia mug and place it on the white plate,pick_place_mug,right,fuchsia,white,black,egocentric,1,3840,2160,30.004,240,7.999,train
pick_place_mug_10.mp4,pick up the fuchsia mug and place it on the white plate,pick_place_mug,right,fuchsia,white,black,egocentric,1,3840,2160,30.001,181,6.033,train
pick_place_mug_11.mp4,pick up the fuchsia mug and place it on the white plate,pick_place_mug,right,fuchsia,white,black,egocentric,1,3840,2160,30.004,178,5.933,train
pick_place_mug_12.mp4,pick up the fuchsia mug and place it on the white plate,pick_place_mug,right,fuchsia,white,black,egocentric,1,3840,2160,30.004,329,10.965,train
pick_place_mug_13.mp4,pick up the fuchsia mug and place it on the white plate,pick_place_mug,right,fuchsia,white,black,egocentric,1,3840,2160,30.001,207,6.9,train
pick_place_mug_14.mp4,pick up the fuchsia mug and place it on the white plate,pick_place_mug,right,fuchsia,white,black,egocentric,1,3840,2160,30.004,205,6.832,train
pick_place_mug_15.mp4,pick up the fuchsia mug and place it on the white plate,pick_place_mug,right,fuchsia,white,black,egocentric,1,3840,2160,29.935,151,5.044,train
pick_place_mug_16.mp4,pick up the fuchsia mug and place it on the white plate,pick_place_mug,right,fuchsia,white,black,egocentric,1,3840,2160,30.004,190,6.332,train
pick_place_mug_17.mp4,pick up the fuchsia mug and place it on the white plate,pick_place_mug,right,fuchsia,white,black,egocentric,1,3840,2160,30.004,139,4.633,train
pick_place_mug_18.mp4,pick up the fuchsia mug and place it on the white plate,pick_place_mug,right,fuchsia,white,black,egocentric,1,3840,2160,30.004,345,11.498,train
pick_place_mug_19.mp4,pick up the fuchsia mug and place it on the white plate,pick_place_mug,right,fuchsia,white,black,egocentric,1,3840,2160,30.002,243,8.1,train
pick_place_mug_20.mp4,pick up the fuchsia mug and place it on the white plate,pick_place_mug,right,fuchsia,white,black,egocentric,1,3840,2160,30.004,238,7.932,train
pick_place_mug_21.mp4,pick up the fuchsia mug and place it on the white plate,pick_place_mug,right,fuchsia,white,black,egocentric,1,3840,2160,30.004,154,5.133,train
pick_place_mug_22.mp4,pick up the fuchsia mug and place it on the white plate,pick_place_mug,right,fuchsia,white,black,egocentric,1,3840,2160,30.004,158,5.266,train
pick_place_mug_23.mp4,pick up the fuchsia mug and place it on the white plate,pick_place_mug,right,fuchsia,white,black,egocentric,1,3840,2160,29.816,138,4.628,train
pick_place_mug_24.mp4,pick up the fuchsia mug and place it on the white plate,pick_place_mug,right,fuchsia,white,black,egocentric,1,3840,2160,30.004,131,4.366,train
pick_place_mug_25.mp4,pick up the fuchsia mug and place it on the white plate,pick_place_mug,right,fuchsia,white,black,egocentric,1,3840,2160,30.004,136,4.533,train
pick_place_mug_26.mp4,pick up the fuchsia mug and place it on the white plate,pick_place_mug,right,fuchsia,white,black,egocentric,1,3840,2160,30.004,111,3.699,train
pick_place_mug_27.mp4,pick up the fuchsia mug and place it on the white plate,pick_place_mug,right,fuchsia,white,black,egocentric,1,3840,2160,30.004,127,4.233,train
pick_place_mug_28.mp4,pick up the fuchsia mug and place it on the white plate,pick_place_mug,right,fuchsia,white,black,egocentric,1,3840,2160,30.004,147,4.899,train
pick_place_mug_29.mp4,pick up the fuchsia mug and place it on the white plate,pick_place_mug,right,fuchsia,white,black,egocentric,1,3840,2160,30.004,350,11.665,train
pick_place_mug_30.mp4,pick up the fuchsia mug and place it on the white plate,pick_place_mug,right,fuchsia,white,black,egocentric,1,3840,2160,30.004,374,12.465,train
pick_place_mug_31.mp4,pick up the fuchsia mug and place it on the white plate,pick_place_mug,right,fuchsia,white,black,egocentric,1,3840,2160,29.965,277,9.244,train
pick_place_mug_32.mp4,pick up the fuchsia mug and place it on the white plate,pick_place_mug,right,fuchsia,white,black,egocentric,1,3840,2160,30.005,344,11.465,train
pick_place_mug_33.mp4,pick up the fuchsia mug and place it on the white plate,pick_place_mug,right,fuchsia,white,black,egocentric,1,3840,2160,30.004,296,9.865,train
pick_place_mug_34.mp4,pick up the fuchsia mug and place it on the white plate,pick_place_mug,right,fuchsia,white,black,egocentric,1,3840,2160,29.981,305,10.173,train
pick_place_mug_35.mp4,pick up the fuchsia mug and place it on the white plate,pick_place_mug,right,fuchsia,white,black,egocentric,1,3840,2160,30.004,352,11.732,val
pick_place_mug_36.mp4,pick up the fuchsia mug and place it on the white plate,pick_place_mug,right,fuchsia,white,black,egocentric,1,3840,2160,29.964,318,10.613,val
pick_place_mug_37.mp4,pick up the fuchsia mug and place it on the white plate,pick_place_mug,right,fuchsia,white,black,egocentric,1,3840,2160,30.004,292,9.732,val
pick_place_mug_38.mp4,pick up the fuchsia mug and place it on the white plate,pick_place_mug,right,fuchsia,white,black,egocentric,1,3840,2160,30.004,277,9.232,val
pick_place_mug_39.mp4,pick up the fuchsia mug and place it on the white plate,pick_place_mug,right,fuchsia,white,black,egocentric,1,3840,2160,30.004,343,11.432,test
pick_place_mug_40.mp4,pick up the fuchsia mug and place it on the white plate,pick_place_mug,right,fuchsia,white,black,egocentric,1,3840,2160,30.004,313,10.432,test
pick_place_mug_41.mp4,pick up the fuchsia mug and place it on the white plate,pick_place_mug,right,fuchsia,white,black,egocentric,1,3840,2160,30.004,321,10.698,test
pick_place_mug_42.mp4,pick up the fuchsia mug and place it on the white plate,pick_place_mug,right,fuchsia,white,black,egocentric,1,3840,2160,30.004,307,10.232,test
