"index","new","old","bytes"
"1","pick_place_mug_01.mp4","20261008_145437.mp4","69723882"
"2","pick_place_mug_02.mp4","20261008_145456.mp4","65036750"
"3","pick_place_mug_03.mp4","20261008_145512.mp4","44526928"
"4","pick_place_mug_04.mp4","20261008_145524.mp4","42899673"
"5","pick_place_mug_05.mp4","20261008_145555.mp4","40954556"
"6","pick_place_mug_06.mp4","20261008_145609.mp4","26755261"
"7","pick_place_mug_07.mp4","20261008_145647.mp4","54199726"
"8","pick_place_mug_08.mp4","20261008_145700.mp4","35856126"
"9","pick_place_mug_09.mp4","20261008_145718.mp4","48315081"
"10","pick_place_mug_10.mp4","20261008_145730.mp4","36738991"
"11","pick_place_mug_11.mp4","20261008_145743.mp4","35924747"
"12","pick_place_mug_12.mp4","20261008_145753.mp4","66282163"
"13","pick_place_mug_13.mp4","20261008_145808.mp4","41702036"
"14","pick_place_mug_14.mp4","20261008_145820.mp4","41242591"
"15","pick_place_mug_15.mp4","20261008_145830.mp4","30744585"
"16","pick_place_mug_16.mp4","20261008_145839.mp4","38288219"
"17","pick_place_mug_17.mp4","20261008_145852.mp4","27997436"
"18","pick_place_mug_18.mp4","20261008_145901.mp4","69452576"
"19","pick_place_mug_19.mp4","20261008_145916.mp4","49229510"
"20","pick_place_mug_20.mp4","20261008_145943.mp4","47963811"
"21","pick_place_mug_21.mp4","20261008_145954.mp4","31264461"
"22","pick_place_mug_22.mp4","20261008_150002.mp4","32069691"
"23","pick_place_mug_23.mp4","20261008_150012.mp4","27922255"
"24","pick_place_mug_24.mp4","20261008_150022.mp4","26601666"
"25","pick_place_mug_25.mp4","20261008_150030.mp4","27521935"
"26","pick_place_mug_26.mp4","20261008_150045.mp4","22485593"
"27","pick_place_mug_27.mp4","20261008_150053.mp4","25757965"
"28","pick_place_mug_28.mp4","20261008_150102.mp4","29633022"
"29","pick_place_mug_29.mp4","20261008_150601.mp4","70640876"
"30","pick_place_mug_30.mp4","20261008_150618.mp4","75467995"
"31","pick_place_mug_31.mp4","20261008_150635.mp4","56068446"
"32","pick_place_mug_32.mp4","20261008_150649.mp4","69422788"
"33","pick_place_mug_33.mp4","20261008_150705.mp4","59721425"
"34","pick_place_mug_34.mp4","20261008_150720.mp4","61772286"
"35","pick_place_mug_35.mp4","20261008_150733.mp4","70940032"
"36","pick_place_mug_36.mp4","20261008_150748.mp4","64122592"
"37","pick_place_mug_37.mp4","20261008_150802.mp4","58884066"
"38","pick_place_mug_38.mp4","20261008_150817.mp4","56079041"
"39","pick_place_mug_39.mp4","20261008_150830.mp4","69226223"
"40","pick_place_mug_40.mp4","20261008_150844.mp4","63236490"
"41","pick_place_mug_41.mp4","20261008_150900.mp4","64738237"
"42","pick_place_mug_42.mp4","20261008_150914.mp4","62105460"
